,sym_1,sym_2,p_value,t_value,c_value,hedge_ratio,zero_crossing
501,GLMRUSDT,ICPUSDT,0.0,-4.54,-3.37,0.12,3
254,ALGOUSDT,XRPUSDT,0.0,-4.22,-3.37,0.95,13
534,GLMRUSDT,BOBAUSDT,0.0,-4.67,-3.37,1.81,10
500,GLMRUSDT,YFIUSDT,0.0,-4.9,-3.37,0.0,5
531,GLMRUSDT,ARPAUSDT,0.0,-4.52,-3.37,17.64,8
719,FLMUSDT,QTUMUSDT,0.0,-4.82,-3.37,0.04,11
530,GLMRUSDT,PAXGUSDT,0.0,-4.3,-3.37,0.0,11
723,FLMUSDT,CREAMUSDT,0.0,-4.67,-3.37,0.01,27
230,XEMUSDT,LOOKSUSDT,0.0,-4.2,-3.37,0.13,7
196,XEMUSDT,IMXUSDT,0.0,-4.11,-3.37,0.04,8
178,XEMUSDT,ILVUSDT,0.0,-4.12,-3.37,0.0,13
161,XEMUSDT,IOSTUSDT,0.0,-4.15,-3.37,3.03,6
126,XEMUSDT,ADAUSDT,0.0,-4.11,-3.37,0.09,16
726,FLMUSDT,BAKEUSDT,0.0,-4.57,-3.37,0.4,25
255,ALGOUSDT,BCHUSDT,0.0,-5.46,-3.37,0.0,17
729,FLMUSDT,DODOUSDT,0.0,-4.25,-3.37,0.83,30
529,GLMRUSDT,API3USDT,0.0,-4.11,-3.37,0.34,18
98,LINKUSDT,JASMYUSDT,0.0,-4.12,-3.37,622.46,5
527,GLMRUSDT,SUNUSDT,0.0,-4.36,-3.37,114.29,21
837,CTCUSDT,ZILUSDT,0.0,-4.58,-3.37,9.49,47
85,XTZUSDT,BLZUSDT,0.0,-4.73,-3.37,16.74,16
83,XTZUSDT,DODOUSDT,0.0,-4.6,-3.37,11.76,24
849,LUNA2USDT,XRPUSDT,0.0,-4.84,-3.37,6.65,35
73,XTZUSDT,SXPUSDT,0.0,-4.45,-3.37,3.83,25
72,XTZUSDT,CROUSDT,0.0,-4.56,-3.37,12.8,17
855,ONTUSDT,SRMUSDT,0.0,-4.35,-3.37,0.3,8
69,XTZUSDT,RENUSDT,0.0,-4.13,-3.37,11.95,13
856,ONTUSDT,HBARUSDT,0.0,-4.22,-3.37,3.82,13
474,ALPHAUSDT,BSVUSDT,0.0,-4.71,-3.37,0.0,31
466,HOTUSDT,ALGOUSDT,0.0,-5.01,-3.37,0.01,41
258,OMGUSDT,BCHUSDT,0.0,-4.82,-3.37,0.02,38
544,LINAUSDT,BSVUSDT,0.0,-4.15,-3.37,0.0,7
547,LINAUSDT,RENUSDT,0.0,-4.21,-3.37,0.07,13
610,GSTUSDT,XEMUSDT,0.0,-4.83,-3.37,2.6,17
369,OCEANUSDT,NEARUSDT,0.0,-4.11,-3.37,0.05,11
402,API3USDT,ARUSDT,0.0,-5.29,-3.37,0.18,27
403,API3USDT,PEOPLEUSDT,0.0,-4.37,-3.37,83.2,34
355,BANDUSDT,BICOUSDT,0.0,-4.33,-3.37,2.71,21
352,BANDUSDT,RENUSDT,0.0,-4.29,-3.37,10.74,15
350,BANDUSDT,ONEUSDT,0.0,-4.44,-3.37,73.65,12
414,KDAUSDT,XLMUSDT,0.0,-4.71,-3.37,13.88,35
343,BANDUSDT,UNIUSDT,0.0,-4.73,-3.37,0.25,7
338,JSTUSDT,SXPUSDT,0.0,-4.41,-3.37,0.07,15
334,JSTUSDT,YFIUSDT,0.0,-5.18,-3.37,0.0,5
332,JSTUSDT,KSMUSDT,0.0,-4.4,-3.37,0.0,41
331,JSTUSDT,SUSHIUSDT,0.0,-4.17,-3.37,0.03,5
330,SUNUSDT,API3USDT,0.0,-4.37,-3.37,0.0,26
327,RAYUSDT,DODOUSDT,0.0,-5.74,-3.37,5.52,37
578,BALUSDT,YFIUSDT,0.0,-4.74,-3.37,0.0,25
324,RAYUSDT,CTSIUSDT,0.0,-4.61,-3.37,4.64,17
311,HNTUSDT,EOSUSDT,0.0,-4.23,-3.37,9.49,3
310,HNTUSDT,ETHUSDT,0.0,-4.2,-3.37,0.01,3
307,WAVESUSDT,DOTUSDT,0.0,-5.06,-3.37,0.76,34
302,WAVESUSDT,XRPUSDT,0.0,-4.23,-3.37,16.16,22
300,WAVESUSDT,ETHUSDT,0.0,-4.25,-3.37,0.0,3
299,WAVESUSDT,BTCUSDT,0.0,-4.3,-3.37,0.0,4
554,LINAUSDT,CKBUSDT,0.0,-4.56,-3.37,2.39,9
291,DUSKUSDT,BCHUSDT,0.0,-4.93,-3.37,0.0,15
444,APEUSDT,MINAUSDT,0.0,-4.14,-3.37,7.38,18
284,RSRUSDT,BCHUSDT,0.0,-4.48,-3.37,0.0,15
275,GTCUSDT,ADAUSDT,0.0,-4.12,-3.37,5.47,28
274,GTCUSDT,LTCUSDT,0.0,-11.11,-3.37,0.05,42
859,ONTUSDT,CREAMUSDT,0.0,-5.29,-3.37,0.01,38
65,XTZUSDT,YFIUSDT,0.0,-4.77,-3.37,0.0,10
387,OCEANUSDT,BICOUSDT,0.0,-4.12,-3.37,0.34,25
864,ONTUSDT,STMXUSDT,0.0,-4.32,-3.37,32.97,31
522,GLMRUSDT,WAVESUSDT,0.0,-4.51,-3.37,0.13,36
39,XRPUSDT,BSVUSDT,0.0,-4.57,-3.37,0.01,33
8,BTCUSDT,CKBUSDT,0.0,-4.94,-3.37,5699206.3,17
50,XRPUSDT,DGBUSDT,0.0,-4.63,-3.37,33.82,13
505,GLMRUSDT,AGLDUSDT,0.0,-4.11,-3.37,1.62,23
507,GLMRUSDT,TLMUSDT,0.0,-4.27,-3.37,25.15,10
508,GLMRUSDT,ILVUSDT,0.0,-4.12,-3.37,0.01,19
5,BTCUSDT,ZENUSDT,0.0,-4.25,-3.37,1351.71,7
27,EOSUSDT,ZENUSDT,0.0,-4.17,-3.37,0.06,13
43,XRPUSDT,RENUSDT,0.0,-4.33,-3.37,2.61,13
523,GLMRUSDT,LOOKSUSDT,0.0,-4.2,-3.37,2.1,15
492,ZRXUSDT,LPTUSDT,0.0,-4.4,-3.37,0.04,24
21,EOSUSDT,VETUSDT,0.0,-4.13,-3.37,42.16,13
23,EOSUSDT,BSVUSDT,0.0,-4.52,-3.37,0.02,5
511,GLMRUSDT,ZENUSDT,0.0,-4.71,-3.37,0.04,1
512,GLMRUSDT,LITUSDT,0.0,-4.38,-3.37,0.76,11
48,XRPUSDT,CKBUSDT,0.0,-4.57,-3.37,92.13,37
52,XRPUSDT,MTLUSDT,0.0,-5.19,-3.37,0.26,27
478,ALPHAUSDT,RENUSDT,0.0,-5.74,-3.37,0.92,13
862,ONTUSDT,CTSIUSDT,0.0,-4.66,-3.37,1.59,27
58,LTCUSDT,ARPAUSDT,0.0,-4.26,-3.37,1331.87,14
519,GLMRUSDT,REEFUSDT,0.0,-4.91,-3.37,197.2,12
62,XTZUSDT,ETHUSDT,0.0,-4.87,-3.37,0.0,19
525,GLMRUSDT,QNTUSDT,0.0,-4.62,-3.37,0.01,7
55,XRPUSDT,TRBUSDT,0.0,-4.77,-3.37,0.03,7
866,ONTUSDT,ACHUSDT,0.0,-4.49,-3.37,19.53,33
233,XEMUSDT,HNTUSDT,0.01,-3.9,-3.37,0.0,16
488,ALPHAUSDT,DODOUSDT,0.01,-3.92,-3.37,0.91,19
542,LINAUSDT,FILUSDT,0.01,-4.09,-3.37,0.0,11
540,BAKEUSDT,XRPUSDT,0.01,-3.77,-3.37,0.81,5
221,XEMUSDT,ICXUSDT,0.01,-3.89,-3.37,0.14,10
539,BAKEUSDT,BTCUSDT,0.01,-3.82,-3.37,0.0,19
263,GALAUSDT,LINKUSDT,0.01,-3.8,-3.37,0.01,32
261,GALAUSDT,BCHUSDT,0.01,-4.07,-3.37,0.0,33
260,FTTUSDT,BTCUSDT,0.01,-3.82,-3.37,0.0,24
541,BAKEUSDT,BCHUSDT,0.01,-4.1,-3.37,0.0,3
888,BELUSDT,XLMUSDT,0.01,-3.94,-3.37,7.74,20
220,XEMUSDT,IOTAUSDT,0.01,-3.89,-3.37,0.15,4
259,OMGUSDT,DOTUSDT,0.01,-3.83,-3.37,0.27,33
451,GMTUSDT,CVXUSDT,0.01,-3.77,-3.37,0.18,3
450,GMTUSDT,MINAUSDT,0.01,-4.05,-3.37,1.38,5
219,XEMUSDT,PEOPLEUSDT,0.01,-3.95,-3.37,1.73,11
449,GMTUSDT,CELOUSDT,0.01,-3.97,-3.37,1.0,10
29,EOSUSDT,JASMYUSDT,0.01,-3.85,-3.37,96.08,10
28,EOSUSDT,SKLUSDT,0.01,-3.79,-3.37,20.79,44
549,LINAUSDT,ZENUSDT,0.01,-3.92,-3.37,0.0,9
277,GTCUSDT,UNIUSDT,0.01,-3.97,-3.37,0.48,9
550,LINAUSDT,SKLUSDT,0.01,-3.78,-3.37,0.18,9
279,RNDRUSDT,BCHUSDT,0.01,-3.83,-3.37,0.0,37
446,APEUSDT,CVXUSDT,0.01,-3.85,-3.37,0.93,3
281,RSRUSDT,ETHUSDT,0.01,-3.93,-3.37,0.0,7
452,GMTUSDT,TOMOUSDT,0.01,-3.93,-3.37,1.88,8
514,GLMRUSDT,RNDRUSDT,0.01,-3.84,-3.37,1.32,44
34,XRPUSDT,AAVEUSDT,0.01,-3.89,-3.37,0.01,7
515,GLMRUSDT,MASKUSDT,0.01,-4.01,-3.37,0.44,8
234,XEMUSDT,QNTUSDT,0.01,-3.93,-3.37,0.0,11
231,XEMUSDT,JASMYUSDT,0.01,-3.94,-3.37,4.08,18
235,XEMUSDT,ZILUSDT,0.01,-3.93,-3.37,1.05,8
881,BELUSDT,AAVEUSDT,0.01,-3.79,-3.37,0.01,9
229,XEMUSDT,CREAMUSDT,0.01,-3.97,-3.37,0.0,18
237,DOGEUSDT,ETHUSDT,0.01,-3.78,-3.37,0.0,3
228,XEMUSDT,DENTUSDT,0.01,-3.93,-3.37,46.69,6
239,DOGEUSDT,XRPUSDT,0.01,-3.87,-3.37,0.21,18
464,HOTUSDT,CRVUSDT,0.01,-3.79,-3.37,0.0,1
38,XRPUSDT,SHIB1000USDT,0.01,-3.83,-3.37,31.14,25
227,XEMUSDT,ROSEUSDT,0.01,-3.96,-3.37,0.82,6
226,XEMUSDT,KAVAUSDT,0.01,-3.9,-3.37,0.02,2
718,FLMUSDT,RENUSDT,0.01,-3.87,-3.37,0.85,23
461,HOTUSDT,AXSUSDT,0.01,-3.87,-3.37,0.0,11
243,AXSUSDT,ETHUSDT,0.01,-3.9,-3.37,0.01,7
717,FLMUSDT,DASHUSDT,0.01,-3.83,-3.37,0.0,17
246,CHZUSDT,BCHUSDT,0.01,-4.06,-3.37,0.0,27
224,XEMUSDT,RVNUSDT,0.01,-3.91,-3.37,1.76,10
223,XEMUSDT,WAVESUSDT,0.01,-3.91,-3.37,0.01,4
716,FLMUSDT,OMGUSDT,0.01,-3.79,-3.37,0.06,9
516,GLMRUSDT,BICOUSDT,0.01,-3.84,-3.37,1.36,20
714,FLMUSDT,BSVUSDT,0.01,-3.8,-3.37,0.0,11
883,BELUSDT,MATICUSDT,0.01,-3.83,-3.37,1.65,11
485,ALPHAUSDT,ASTRUSDT,0.01,-3.9,-3.37,2.65,17
252,ALGOUSDT,ETHUSDT,0.01,-3.86,-3.37,0.0,3
253,ALGOUSDT,EOSUSDT,0.01,-3.93,-3.37,0.32,1
222,XEMUSDT,CELOUSDT,0.01,-3.91,-3.37,0.05,4
232,XEMUSDT,10000NFTUSDT,0.01,-3.93,-3.37,6.35,10
244,CHZUSDT,EOSUSDT,0.01,-3.85,-3.37,0.1,1
282,RSRUSDT,EOSUSDT,0.01,-3.88,-3.37,0.01,15
295,IOTAUSDT,BCHUSDT,0.01,-4.05,-3.37,0.0,30
285,RSRUSDT,XTZUSDT,0.01,-3.83,-3.37,0.0,15
10,ETHUSDT,FILUSDT,0.01,-3.87,-3.37,206.33,9
339,JSTUSDT,SFPUSDT,0.01,-4.08,-3.37,0.08,17
341,JSTUSDT,BAKEUSDT,0.01,-4.05,-3.37,0.11,13
591,CVXUSDT,KNCUSDT,0.01,-4.08,-3.37,3.86,3
592,TOMOUSDT,FILUSDT,0.01,-3.85,-3.37,0.09,7
347,BANDUSDT,BSVUSDT,0.01,-3.77,-3.37,0.02,25
348,BANDUSDT,NEARUSDT,0.01,-4.05,-3.37,0.39,34
913,BELUSDT,FTTUSDT,0.01,-3.86,-3.37,0.03,7
351,BANDUSDT,C98USDT,0.01,-3.94,-3.37,2.74,38
914,BELUSDT,BITUSDT,0.01,-3.94,-3.37,1.92,16
353,BANDUSDT,QTUMUSDT,0.01,-3.88,-3.37,0.47,21
411,KDAUSDT,DOTUSDT,0.01,-3.88,-3.37,0.22,22
598,TOMOUSDT,CKBUSDT,0.01,-3.91,-3.37,135.41,7
357,BANDUSDT,QNTUSDT,0.01,-4.05,-3.37,0.02,17
409,PAXGUSDT,MINAUSDT,0.01,-3.88,-3.37,2731.04,5
408,PAXGUSDT,KNCUSDT,0.01,-3.88,-3.37,1354.96,1
643,GSTUSDT,IOSTUSDT,0.01,-3.87,-3.37,7.91,25
364,OCEANUSDT,AAVEUSDT,0.01,-3.78,-3.37,0.0,9
404,API3USDT,LOOKSUSDT,0.01,-3.77,-3.37,6.23,35
4,BTCUSDT,CROUSDT,0.01,-4.02,-3.37,172695.81,15
367,OCEANUSDT,SHIB1000USDT,0.01,-3.8,-3.37,16.31,17
916,BELUSDT,CELRUSDT,0.01,-3.85,-3.37,55.01,3
2,BTCUSDT,CELRUSDT,0.01,-3.94,-3.37,1307074.03,17
400,API3USDT,IMXUSDT,0.01,-3.94,-3.37,2.09,18
375,OCEANUSDT,ONEUSDT,0.01,-3.85,-3.37,9.36,17
394,OCEANUSDT,CREAMUSDT,0.01,-4.08,-3.37,0.01,41
379,OCEANUSDT,CHRUSDT,0.01,-3.94,-3.37,0.93,31
917,BELUSDT,ONEUSDT,0.01,-3.84,-3.37,46.53,13
390,OCEANUSDT,WAVESUSDT,0.01,-3.99,-3.37,0.03,24
495,ZRXUSDT,TRBUSDT,0.01,-3.95,-3.37,0.02,9
283,RSRUSDT,XRPUSDT,0.01,-3.82,-3.37,0.02,17
422,KDAUSDT,JASMYUSDT,0.01,-3.81,-3.37,151.01,17
905,BELUSDT,ICPUSDT,0.01,-3.87,-3.37,0.15,3
286,RSRUSDT,ADAUSDT,0.01,-3.83,-3.37,0.02,41
287,RSRUSDT,DOTUSDT,0.01,-4.08,-3.37,0.0,21
552,LINAUSDT,DENTUSDT,0.01,-4.09,-3.37,9.55,7
490,ALPHAUSDT,TRBUSDT,0.01,-4.01,-3.37,0.01,3
292,DUSKUSDT,DOTUSDT,0.01,-3.78,-3.37,0.02,25
218,XEMUSDT,XMRUSDT,0.01,-3.95,-3.37,0.0,8
297,ICXUSDT,BCHUSDT,0.01,-4.05,-3.37,0.0,32
556,LINAUSDT,BOBAUSDT,0.01,-4.06,-3.37,0.02,18
898,BELUSDT,CHZUSDT,0.01,-3.8,-3.37,8.57,21
301,WAVESUSDT,EOSUSDT,0.01,-3.98,-3.37,5.43,5
563,BOBAUSDT,SHIB1000USDT,0.01,-3.77,-3.37,35.41,22
568,BOBAUSDT,SKLUSDT,0.01,-3.85,-3.37,7.94,17
569,BOBAUSDT,STXUSDT,0.01,-4.03,-3.37,0.94,13
309,HNTUSDT,BTCUSDT,0.01,-3.98,-3.37,0.0,5
19,EOSUSDT,FILUSDT,0.01,-4.09,-3.37,0.18,29
493,ZRXUSDT,CREAMUSDT,0.01,-3.88,-3.37,0.02,45
571,1000XECUSDT,IMXUSDT,0.01,-4.09,-3.37,0.04,39
572,1000XECUSDT,FXSUSDT,0.01,-3.78,-3.37,0.01,22
431,APEUSDT,YFIUSDT,0.01,-3.8,-3.37,0.0,19
315,ZILUSDT,XRPUSDT,0.01,-3.9,-3.37,0.12,21
316,ZILUSDT,UNIUSDT,0.01,-3.96,-3.37,0.01,3
430,APEUSDT,CRVUSDT,0.01,-4.01,-3.37,5.35,3
318,RAYUSDT,RENUSDT,0.01,-3.88,-3.37,5.61,10
575,BALUSDT,AXSUSDT,0.01,-3.89,-3.37,0.33,32
321,RAYUSDT,BICOUSDT,0.01,-3.88,-3.37,1.41,11
577,BALUSDT,ENJUSDT,0.01,-4.1,-3.37,9.35,10
426,KDAUSDT,TRBUSDT,0.01,-3.84,-3.37,0.12,5
17,ETHUSDT,JASMYUSDT,0.01,-3.92,-3.37,112393.91,20
494,ZRXUSDT,STMXUSDT,0.01,-3.79,-3.37,42.0,22
581,BALUSDT,EGLDUSDT,0.01,-4.08,-3.37,0.09,38
217,XEMUSDT,REEFUSDT,0.01,-3.92,-3.37,12.1,4
225,XEMUSDT,KNCUSDT,0.01,-3.95,-3.37,0.03,12
215,XEMUSDT,DUSKUSDT,0.01,-3.79,-3.37,0.35,8
112,UNIUSDT,SHIB1000USDT,0.01,-4.01,-3.37,504.88,9
46,XRPUSDT,QTUMUSDT,0.01,-3.77,-3.37,0.11,24
724,FLMUSDT,CTSIUSDT,0.01,-3.99,-3.37,0.7,17
115,UNIUSDT,SKLUSDT,0.01,-3.78,-3.37,113.27,13
116,UNIUSDT,BICOUSDT,0.01,-3.97,-3.37,10.65,7
117,UNIUSDT,KAVAUSDT,0.01,-4.08,-3.37,2.93,15
118,XEMUSDT,BTCUSDT,0.01,-3.93,-3.37,0.0,4
119,XEMUSDT,ETHUSDT,0.01,-3.93,-3.37,0.0,4
120,XEMUSDT,EOSUSDT,0.01,-3.9,-3.37,0.04,6
121,XEMUSDT,XRPUSDT,0.01,-3.93,-3.37,0.13,4
122,XEMUSDT,BCHUSDT,0.01,-3.94,-3.37,0.0,6
123,XEMUSDT,LTCUSDT,0.01,-3.93,-3.37,0.0,16
124,XEMUSDT,XTZUSDT,0.01,-3.88,-3.37,0.03,3
125,XEMUSDT,LINKUSDT,0.01,-3.9,-3.37,0.01,14
127,XEMUSDT,DOTUSDT,0.01,-3.91,-3.37,0.01,2
128,XEMUSDT,UNIUSDT,0.01,-3.93,-3.37,0.01,5
129,XEMUSDT,SUSHIUSDT,0.01,-3.95,-3.37,0.04,1
143,XEMUSDT,SANDUSDT,0.01,-4.03,-3.37,0.04,2
142,XEMUSDT,AXSUSDT,0.01,-3.93,-3.37,0.0,4
141,XEMUSDT,COMPUSDT,0.01,-3.97,-3.37,0.0,14
140,XEMUSDT,THETAUSDT,0.01,-3.88,-3.37,0.03,4
139,XEMUSDT,VETUSDT,0.01,-3.91,-3.37,1.79,6
138,XEMUSDT,TRXUSDT,0.01,-3.97,-3.37,0.62,10
728,FLMUSDT,MTLUSDT,0.01,-3.81,-3.37,0.08,11
137,XEMUSDT,XLMUSDT,0.01,-3.92,-3.37,0.38,6
135,XEMUSDT,FILUSDT,0.01,-3.93,-3.37,0.01,6
216,XEMUSDT,ARUSDT,0.01,-4.03,-3.37,0.0,13
133,XEMUSDT,ETCUSDT,0.01,-3.91,-3.37,0.0,4
132,XEMUSDT,MATICUSDT,0.01,-3.93,-3.37,0.08,3
131,XEMUSDT,DOGEUSDT,0.01,-3.89,-3.37,0.61,12
130,XEMUSDT,AAVEUSDT,0.01,-3.93,-3.37,0.0,11
136,XEMUSDT,SOLUSDT,0.01,-3.93,-3.37,0.0,12
144,XEMUSDT,MANAUSDT,0.01,-3.98,-3.37,0.05,2
108,ADAUSDT,ARPAUSDT,0.01,-3.99,-3.37,12.22,16
104,LINKUSDT,MINAUSDT,0.01,-3.78,-3.37,9.67,5
867,ONTUSDT,TRBUSDT,0.01,-3.83,-3.37,0.02,9
868,BELUSDT,BTCUSDT,0.01,-3.85,-3.37,0.0,5
854,ONTUSDT,ICPUSDT,0.01,-3.82,-3.37,0.04,7
475,ALPHAUSDT,FTMUSDT,0.01,-3.97,-3.37,0.44,40
853,ONTUSDT,SHIB1000USDT,0.01,-4.04,-3.37,22.89,12
850,LUNA2USDT,BCHUSDT,0.01,-4.04,-3.37,0.02,35
76,XTZUSDT,REEFUSDT,0.01,-4.08,-3.37,438.31,21
847,LUNA2USDT,BTCUSDT,0.01,-4.08,-3.37,0.0,19
846,UNFIUSDT,FLMUSDT,0.01,-4.08,-3.37,55.57,15
80,XTZUSDT,CTSIUSDT,0.01,-4.05,-3.37,9.9,22
843,CTCUSDT,ZRXUSDT,0.01,-4.08,-3.37,1.22,33
473,ALPHAUSDT,SHIB1000USDT,0.01,-3.87,-3.37,11.04,28
871,BELUSDT,XRPUSDT,0.01,-3.84,-3.37,2.61,17
84,XTZUSDT,DARUSDT,0.01,-3.96,-3.37,5.1,27
53,XRPUSDT,DODOUSDT,0.01,-3.86,-3.37,2.56,15
840,CTCUSDT,PAXGUSDT,0.01,-3.9,-3.37,0.0,19
526,GLMRUSDT,ZILUSDT,0.01,-4.05,-3.37,17.09,18
768,FITFIUSDT,AGLDUSDT,0.01,-4.09,-3.37,0.19,13
102,LINKUSDT,SCRTUSDT,0.01,-3.87,-3.37,6.57,30
469,HOTUSDT,RENUSDT,0.01,-4.03,-3.37,0.02,7
780,FITFIUSDT,SNXUSDT,0.01,-3.77,-3.37,0.03,24
818,CTCUSDT,BITUSDT,0.01,-3.97,-3.37,0.84,27
97,LINKUSDT,XMRUSDT,0.01,-3.83,-3.37,0.05,13
106,LINKUSDT,OPUSDT,0.01,-3.98,-3.37,11.54,16
821,CTCUSDT,TLMUSDT,0.01,-3.91,-3.37,13.98,11
477,ALPHAUSDT,OMGUSDT,0.01,-3.8,-3.37,0.06,15
93,LINKUSDT,SLPUSDT,0.01,-3.92,-3.37,1618.24,8
92,LINKUSDT,ENSUSDT,0.01,-3.8,-3.37,0.67,9
825,CTCUSDT,STORJUSDT,0.01,-3.98,-3.37,0.54,9
827,CTCUSDT,LPTUSDT,0.01,-3.83,-3.37,0.04,20
471,HOTUSDT,FLOWUSDT,0.01,-3.82,-3.37,0.0,25
823,CTCUSDT,WOOUSDT,0.01,-3.81,-3.37,2.08,19
145,XEMUSDT,KSMUSDT,0.01,-3.9,-3.37,0.0,4
134,XEMUSDT,BNBUSDT,0.01,-3.96,-3.37,0.0,4
193,XEMUSDT,SXPUSDT,0.01,-3.91,-3.37,0.11,2
204,XEMUSDT,RNDRUSDT,0.01,-3.98,-3.37,0.08,26
177,XEMUSDT,RUNEUSDT,0.01,-3.96,-3.37,0.02,7
179,XEMUSDT,FLOWUSDT,0.01,-3.89,-3.37,0.03,4
180,XEMUSDT,WOOUSDT,0.01,-3.93,-3.37,0.23,11
181,XEMUSDT,LRCUSDT,0.01,-4.03,-3.37,0.1,8
210,XEMUSDT,BICOUSDT,0.01,-3.92,-3.37,0.08,10
182,XEMUSDT,ENSUSDT,0.01,-3.96,-3.37,0.0,3
146,XEMUSDT,AVAXUSDT,0.01,-3.95,-3.37,0.0,3
183,XEMUSDT,IOTXUSDT,0.01,-3.93,-3.37,1.53,3
184,XEMUSDT,CHRUSDT,0.01,-3.92,-3.37,0.23,14
209,XEMUSDT,CTKUSDT,0.01,-3.93,-3.37,0.05,6
185,XEMUSDT,BATUSDT,0.01,-4.05,-3.37,0.1,8
186,XEMUSDT,STORJUSDT,0.01,-3.92,-3.37,0.06,8
187,XEMUSDT,SNXUSDT,0.01,-3.91,-3.37,0.02,4
188,XEMUSDT,SLPUSDT,0.01,-3.93,-3.37,10.62,16
208,XEMUSDT,MASKUSDT,0.01,-3.96,-3.37,0.03,8
189,XEMUSDT,ANKRUSDT,0.01,-3.9,-3.37,1.47,6
205,XEMUSDT,SCUSDT,0.01,-4.06,-3.37,10.72,6
202,XEMUSDT,LITUSDT,0.01,-4.08,-3.37,0.05,8
201,XEMUSDT,GTCUSDT,0.01,-3.95,-3.37,0.02,26
200,XEMUSDT,SKLUSDT,0.01,-3.96,-3.37,0.88,4
199,XEMUSDT,ZENUSDT,0.01,-3.92,-3.37,0.0,5
198,XEMUSDT,AUDIOUSDT,0.01,-4.01,-3.37,0.12,16
175,XEMUSDT,RENUSDT,0.01,-3.92,-3.37,0.33,9
197,XEMUSDT,SFPUSDT,0.01,-3.88,-3.37,0.12,4
194,XEMUSDT,YGGUSDT,0.01,-4.1,-3.37,0.06,10
206,XEMUSDT,RSRUSDT,0.01,-4.04,-3.37,5.84,10
192,XEMUSDT,CROUSDT,0.01,-3.93,-3.37,0.35,6
191,XEMUSDT,QTUMUSDT,0.01,-3.91,-3.37,0.01,6
207,XEMUSDT,STXUSDT,0.01,-3.94,-3.37,0.11,2
190,XEMUSDT,LPTUSDT,0.01,-3.94,-3.37,0.0,8
195,XEMUSDT,ZECUSDT,0.01,-3.92,-3.37,0.0,8
211,XEMUSDT,REQUSDT,0.01,-4.01,-3.37,0.36,9
176,XEMUSDT,TLMUSDT,0.01,-3.95,-3.37,1.54,2
173,XEMUSDT,ALICEUSDT,0.01,-3.93,-3.37,0.02,16
481,ALPHAUSDT,BICOUSDT,0.01,-3.91,-3.37,0.23,25
160,XEMUSDT,OMGUSDT,0.01,-3.89,-3.37,0.02,6
159,XEMUSDT,SRMUSDT,0.01,-3.97,-3.37,0.05,2
158,XEMUSDT,NEARUSDT,0.01,-3.93,-3.37,0.01,4
157,XEMUSDT,DYDXUSDT,0.01,-3.94,-3.37,0.02,1
156,XEMUSDT,ALGOUSDT,0.01,-3.9,-3.37,0.13,6
155,XEMUSDT,FTMUSDT,0.01,-3.92,-3.37,0.16,6
174,XEMUSDT,EGLDUSDT,0.01,-3.99,-3.37,0.0,10
154,XEMUSDT,ICPUSDT,0.01,-3.94,-3.37,0.01,7
214,XEMUSDT,ANTUSDT,0.01,-3.94,-3.37,0.03,6
152,XEMUSDT,YFIUSDT,0.01,-3.89,-3.37,0.0,1
151,XEMUSDT,SHIB1000USDT,0.01,-3.93,-3.37,3.94,2
150,XEMUSDT,GRTUSDT,0.01,-3.91,-3.37,0.43,4
149,XEMUSDT,ENJUSDT,0.01,-4.02,-3.37,0.08,6
148,XEMUSDT,CRVUSDT,0.01,-3.94,-3.37,0.05,1
147,XEMUSDT,CHZUSDT,0.01,-3.9,-3.37,0.42,6
153,XEMUSDT,BSVUSDT,0.01,-3.93,-3.37,0.0,6
162,XEMUSDT,DASHUSDT,0.01,-3.91,-3.37,0.0,6
203,XEMUSDT,CVCUSDT,0.01,-3.89,-3.37,0.29,2
163,XEMUSDT,FTTUSDT,0.01,-3.94,-3.37,0.0,6
172,XEMUSDT,COTIUSDT,0.01,-4.0,-3.37,0.45,10
212,XEMUSDT,1INCHUSDT,0.01,-3.95,-3.37,0.06,20
171,XEMUSDT,MKRUSDT,0.01,-3.95,-3.37,0.0,4
213,XEMUSDT,KLAYUSDT,0.01,-3.92,-3.37,0.18,16
170,XEMUSDT,AGLDUSDT,0.01,-3.96,-3.37,0.1,17
168,XEMUSDT,ONEUSDT,0.01,-3.93,-3.37,2.26,12
169,XEMUSDT,C98USDT,0.01,-3.91,-3.37,0.08,8
166,XEMUSDT,CELRUSDT,0.01,-3.93,-3.37,2.67,8
165,XEMUSDT,GALAUSDT,0.01,-3.89,-3.37,0.77,12
164,XEMUSDT,BITUSDT,0.01,-4.04,-3.37,0.09,14
167,XEMUSDT,HBARUSDT,0.01,-3.96,-3.37,0.66,6
606,GSTUSDT,LINKUSDT,0.02,-3.63,-3.37,0.02,17
605,GSTUSDT,XTZUSDT,0.02,-3.62,-3.37,0.07,19
611,GSTUSDT,SUSHIUSDT,0.02,-3.62,-3.37,0.1,7
603,GSTUSDT,BCHUSDT,0.02,-3.7,-3.37,0.0,29
607,GSTUSDT,ADAUSDT,0.02,-3.61,-3.37,0.23,15
612,GSTUSDT,AAVEUSDT,0.02,-3.63,-3.37,0.0,11
613,GSTUSDT,DOGEUSDT,0.02,-3.63,-3.37,1.59,21
609,GSTUSDT,UNIUSDT,0.02,-3.65,-3.37,0.02,15
602,GSTUSDT,XRPUSDT,0.02,-3.61,-3.37,0.33,23
551,LINAUSDT,BICOUSDT,0.02,-3.75,-3.37,0.02,17
600,GSTUSDT,ETHUSDT,0.02,-3.62,-3.37,0.0,23
553,LINAUSDT,JASMYUSDT,0.02,-3.75,-3.37,0.84,19
555,LINAUSDT,CTSIUSDT,0.02,-3.63,-3.37,0.06,3
561,BOBAUSDT,AAVEUSDT,0.02,-3.68,-3.37,0.01,23
570,BOBAUSDT,BICOUSDT,0.02,-3.66,-3.37,0.75,17
537,SCRTUSDT,XRPUSDT,0.02,-3.6,-3.37,2.94,20
574,BALUSDT,BNBUSDT,0.02,-3.72,-3.37,0.02,24
536,SCRTUSDT,ETHUSDT,0.02,-3.75,-3.37,0.0,5
580,BALUSDT,DYDXUSDT,0.02,-3.67,-3.37,2.73,5
524,GLMRUSDT,JASMYUSDT,0.02,-3.66,-3.37,66.56,12
528,GLMRUSDT,RSS3USDT,0.02,-3.73,-3.37,4.64,14
586,BALUSDT,CKBUSDT,0.02,-3.64,-3.37,1361.71,18
587,BALUSDT,1000BTTUSDT,0.02,-3.75,-3.37,5615.45,24
588,MTLUSDT,BTCUSDT,0.02,-3.6,-3.37,0.0,7
590,CVXUSDT,ANTUSDT,0.02,-3.6,-3.37,3.09,5
503,GLMRUSDT,DYDXUSDT,0.02,-3.7,-3.37,0.38,1
593,TOMOUSDT,SOLUSDT,0.02,-3.73,-3.37,0.01,27
596,TOMOUSDT,SKLUSDT,0.02,-3.6,-3.37,10.27,7
614,GSTUSDT,MATICUSDT,0.02,-3.61,-3.37,0.21,23
599,GSTUSDT,BTCUSDT,0.02,-3.62,-3.37,0.0,15
601,GSTUSDT,EOSUSDT,0.02,-3.63,-3.37,0.11,17
589,CVXUSDT,CRVUSDT,0.02,-3.67,-3.37,5.69,18
0,BTCUSDT,VETUSDT,0.02,-3.74,-3.37,876703.34,7
616,GSTUSDT,BNBUSDT,0.02,-3.63,-3.37,0.0,15
824,CTCUSDT,IOTXUSDT,0.02,-3.76,-3.37,13.89,3
772,FITFIUSDT,TLMUSDT,0.02,-3.63,-3.37,3.01,17
764,FITFIUSDT,BITUSDT,0.02,-3.72,-3.37,0.18,23
760,FITFIUSDT,SRMUSDT,0.02,-3.6,-3.37,0.1,5
730,FLMUSDT,TRBUSDT,0.02,-3.69,-3.37,0.01,3
722,FLMUSDT,ICXUSDT,0.02,-3.74,-3.37,0.37,11
720,FLMUSDT,SCUSDT,0.02,-3.67,-3.37,27.41,13
715,FLMUSDT,FTMUSDT,0.02,-3.76,-3.37,0.41,13
710,GSTUSDT,10000NFTUSDT,0.02,-3.61,-3.37,16.58,27
709,GSTUSDT,JASMYUSDT,0.02,-3.64,-3.37,10.66,23
708,GSTUSDT,LOOKSUSDT,0.02,-3.71,-3.37,0.34,9
829,CTCUSDT,AUDIOUSDT,0.02,-3.65,-3.37,1.09,25
707,GSTUSDT,CREAMUSDT,0.02,-3.64,-3.37,0.01,17
705,GSTUSDT,ROSEUSDT,0.02,-3.61,-3.37,2.15,25
704,GSTUSDT,KAVAUSDT,0.02,-3.67,-3.37,0.06,23
703,GSTUSDT,KNCUSDT,0.02,-3.62,-3.37,0.08,9
701,GSTUSDT,WAVESUSDT,0.02,-3.6,-3.37,0.02,25
700,GSTUSDT,CELOUSDT,0.02,-3.62,-3.37,0.12,9
699,GSTUSDT,ICXUSDT,0.02,-3.74,-3.37,0.37,31
698,GSTUSDT,IOTAUSDT,0.02,-3.63,-3.37,0.39,21
697,GSTUSDT,PEOPLEUSDT,0.02,-3.67,-3.37,4.51,11
695,GSTUSDT,REEFUSDT,0.02,-3.6,-3.37,31.61,23
694,GSTUSDT,ARUSDT,0.02,-3.69,-3.37,0.01,19
693,GSTUSDT,DUSKUSDT,0.02,-3.68,-3.37,0.93,17
706,GSTUSDT,DENTUSDT,0.02,-3.62,-3.37,121.94,17
834,CTCUSDT,RVNUSDT,0.02,-3.76,-3.37,15.9,29
841,CTCUSDT,KDAUSDT,0.02,-3.66,-3.37,0.24,25
857,ONTUSDT,AUDIOUSDT,0.02,-3.74,-3.37,0.7,29
912,BELUSDT,DASHUSDT,0.02,-3.61,-3.37,0.02,13
910,BELUSDT,SRMUSDT,0.02,-3.77,-3.37,1.07,5
908,BELUSDT,DYDXUSDT,0.02,-3.71,-3.37,0.48,1
907,BELUSDT,ALGOUSDT,0.02,-3.67,-3.37,2.73,40
906,BELUSDT,FTMUSDT,0.02,-3.67,-3.37,3.27,15
904,BELUSDT,BSVUSDT,0.02,-3.66,-3.37,0.02,24
902,BELUSDT,SHIB1000USDT,0.02,-3.65,-3.37,81.15,21
899,BELUSDT,CRVUSDT,0.02,-3.6,-3.37,0.95,1
897,BELUSDT,AVAXUSDT,0.02,-3.74,-3.37,0.05,1
891,BELUSDT,THETAUSDT,0.02,-3.62,-3.37,0.7,23
890,BELUSDT,VETUSDT,0.02,-3.66,-3.37,36.94,11
887,BELUSDT,SOLUSDT,0.02,-3.61,-3.37,0.02,5
886,BELUSDT,FILUSDT,0.02,-3.66,-3.37,0.15,10
885,BELUSDT,BNBUSDT,0.02,-3.71,-3.37,0.0,5
884,BELUSDT,ETCUSDT,0.02,-3.69,-3.37,0.06,19
882,BELUSDT,DOGEUSDT,0.02,-3.66,-3.37,12.53,27
880,BELUSDT,SUSHIUSDT,0.02,-3.61,-3.37,0.79,3
878,BELUSDT,UNIUSDT,0.02,-3.7,-3.37,0.16,5
877,BELUSDT,DOTUSDT,0.02,-3.68,-3.37,0.12,29
876,BELUSDT,ADAUSDT,0.02,-3.77,-3.37,1.83,20
874,BELUSDT,XTZUSDT,0.02,-3.7,-3.37,0.57,11
873,BELUSDT,LTCUSDT,0.02,-3.72,-3.37,0.02,18
872,BELUSDT,BCHUSDT,0.02,-3.65,-3.37,0.01,23
870,BELUSDT,EOSUSDT,0.02,-3.67,-3.37,0.88,7
869,BELUSDT,ETHUSDT,0.02,-3.72,-3.37,0.0,3
692,GSTUSDT,ANTUSDT,0.02,-3.61,-3.37,0.07,25
689,GSTUSDT,REQUSDT,0.02,-3.67,-3.37,0.94,27
687,GSTUSDT,CTKUSDT,0.02,-3.63,-3.37,0.13,5
685,GSTUSDT,RSRUSDT,0.02,-3.62,-3.37,15.26,19
649,GSTUSDT,HBARUSDT,0.02,-3.69,-3.37,1.72,17
648,GSTUSDT,CELRUSDT,0.02,-3.62,-3.37,6.98,17
647,GSTUSDT,GALAUSDT,0.02,-3.62,-3.37,2.0,21
646,GSTUSDT,BITUSDT,0.02,-3.68,-3.37,0.24,27
645,GSTUSDT,FTTUSDT,0.02,-3.61,-3.37,0.0,9
644,GSTUSDT,DASHUSDT,0.02,-3.66,-3.37,0.0,21
642,GSTUSDT,OMGUSDT,0.02,-3.63,-3.37,0.06,21
641,GSTUSDT,SRMUSDT,0.02,-3.74,-3.37,0.14,9
639,GSTUSDT,DYDXUSDT,0.02,-3.62,-3.37,0.06,7
636,GSTUSDT,ICPUSDT,0.02,-3.67,-3.37,0.02,7
635,GSTUSDT,BSVUSDT,0.02,-3.63,-3.37,0.0,25
634,GSTUSDT,YFIUSDT,0.02,-3.63,-3.37,0.0,15
633,GSTUSDT,SHIB1000USDT,0.02,-3.63,-3.37,10.29,21
632,GSTUSDT,GRTUSDT,0.02,-3.62,-3.37,1.11,19
631,GSTUSDT,ENJUSDT,0.02,-3.66,-3.37,0.21,13
629,GSTUSDT,CHZUSDT,0.02,-3.63,-3.37,1.09,27
628,GSTUSDT,AVAXUSDT,0.02,-3.62,-3.37,0.01,7
627,GSTUSDT,KSMUSDT,0.02,-3.61,-3.37,0.0,21
626,GSTUSDT,MANAUSDT,0.02,-3.63,-3.37,0.12,17
625,GSTUSDT,SANDUSDT,0.02,-3.69,-3.37,0.09,7
622,GSTUSDT,THETAUSDT,0.02,-3.6,-3.37,0.09,23
621,GSTUSDT,VETUSDT,0.02,-3.61,-3.37,4.69,17
620,GSTUSDT,TRXUSDT,0.02,-3.62,-3.37,1.61,19
618,GSTUSDT,SOLUSDT,0.02,-3.63,-3.37,0.0,23
617,GSTUSDT,FILUSDT,0.02,-3.61,-3.37,0.02,15
650,GSTUSDT,ONEUSDT,0.02,-3.61,-3.37,5.9,13
615,GSTUSDT,ETCUSDT,0.02,-3.62,-3.37,0.01,23
651,GSTUSDT,C98USDT,0.02,-3.63,-3.37,0.22,19
653,GSTUSDT,MKRUSDT,0.02,-3.62,-3.37,0.0,13
683,GSTUSDT,RNDRUSDT,0.02,-3.6,-3.37,0.21,27
682,GSTUSDT,CVCUSDT,0.02,-3.63,-3.37,0.76,27
681,GSTUSDT,LITUSDT,0.02,-3.67,-3.37,0.12,15
680,GSTUSDT,SKLUSDT,0.02,-3.6,-3.37,2.31,19
679,GSTUSDT,ZENUSDT,0.02,-3.62,-3.37,0.01,9
678,GSTUSDT,AUDIOUSDT,0.02,-3.64,-3.37,0.32,13
677,GSTUSDT,SFPUSDT,0.02,-3.63,-3.37,0.31,23
676,GSTUSDT,IMXUSDT,0.02,-3.63,-3.37,0.11,15
675,GSTUSDT,ZECUSDT,0.02,-3.62,-3.37,0.0,23
674,GSTUSDT,SXPUSDT,0.02,-3.62,-3.37,0.28,23
673,GSTUSDT,CROUSDT,0.02,-3.6,-3.37,0.92,17
672,GSTUSDT,QTUMUSDT,0.02,-3.65,-3.37,0.04,23
670,GSTUSDT,ANKRUSDT,0.02,-3.63,-3.37,3.83,19
669,GSTUSDT,SLPUSDT,0.02,-3.6,-3.37,27.75,11
667,GSTUSDT,STORJUSDT,0.02,-3.63,-3.37,0.16,7
666,GSTUSDT,BATUSDT,0.02,-3.61,-3.37,0.26,5
664,GSTUSDT,IOTXUSDT,0.02,-3.63,-3.37,4.01,13
663,GSTUSDT,ENSUSDT,0.02,-3.64,-3.37,0.01,15
662,GSTUSDT,LRCUSDT,0.02,-3.67,-3.37,0.27,15
661,GSTUSDT,WOOUSDT,0.02,-3.6,-3.37,0.6,13
660,GSTUSDT,FLOWUSDT,0.02,-3.64,-3.37,0.07,21
659,GSTUSDT,RUNEUSDT,0.02,-3.63,-3.37,0.05,9
658,GSTUSDT,TLMUSDT,0.02,-3.63,-3.37,4.03,5
657,GSTUSDT,RENUSDT,0.02,-3.61,-3.37,0.86,23
656,GSTUSDT,EGLDUSDT,0.02,-3.64,-3.37,0.0,23
652,GSTUSDT,AGLDUSDT,0.02,-3.68,-3.37,0.26,15
712,GSTUSDT,QNTUSDT,0.02,-3.65,-3.37,0.0,13
459,HOTUSDT,DOTUSDT,0.02,-3.73,-3.37,0.0,25
322,RAYUSDT,QNTUSDT,0.02,-3.7,-3.37,0.01,25
273,GTCUSDT,XRPUSDT,0.02,-3.64,-3.37,7.81,17
75,XTZUSDT,BICOUSDT,0.02,-3.63,-3.37,3.01,24
363,OCEANUSDT,UNIUSDT,0.02,-3.65,-3.37,0.03,5
280,RSRUSDT,BTCUSDT,0.02,-3.76,-3.37,0.0,15
438,APEUSDT,CELOUSDT,0.02,-3.7,-3.37,5.32,25
67,XTZUSDT,ALGOUSDT,0.02,-3.76,-3.37,4.8,23
66,XTZUSDT,BSVUSDT,0.02,-3.64,-3.37,0.03,27
359,RSS3USDT,KLAYUSDT,0.02,-3.7,-3.37,0.62,29
61,LTCUSDT,LUNA2USDT,0.02,-3.67,-3.37,23.39,27
288,RSRUSDT,UNIUSDT,0.02,-3.68,-3.37,0.0,11
59,LTCUSDT,STMXUSDT,0.02,-3.6,-3.37,6982.97,20
57,LTCUSDT,BITUSDT,0.02,-3.61,-3.37,114.44,30
45,XRPUSDT,LPTUSDT,0.02,-3.72,-3.37,0.04,24
44,XRPUSDT,ANKRUSDT,0.02,-3.63,-3.37,11.6,16
447,GMTUSDT,BNBUSDT,0.02,-3.74,-3.37,0.0,5
448,GMTUSDT,CRVUSDT,0.02,-3.66,-3.37,1.01,13
354,BANDUSDT,SKLUSDT,0.02,-3.61,-3.37,28.8,31
435,APEUSDT,ENSUSDT,0.02,-3.61,-3.37,0.51,5
349,BANDUSDT,DASHUSDT,0.02,-3.64,-3.37,0.03,24
78,XTZUSDT,JASMYUSDT,0.02,-3.64,-3.37,148.06,12
432,APEUSDT,MKRUSDT,0.02,-3.68,-3.37,0.01,18
396,API3USDT,SANDUSDT,0.02,-3.72,-3.37,1.71,16
105,LINKUSDT,AKROUSDT,0.02,-3.61,-3.37,1451.21,27
399,API3USDT,LRCUSDT,0.02,-3.75,-3.37,5.02,20
401,API3USDT,LITUSDT,0.02,-3.76,-3.37,2.24,20
386,OCEANUSDT,STXUSDT,0.02,-3.66,-3.37,0.44,30
415,KDAUSDT,FTTUSDT,0.02,-3.65,-3.37,0.06,19
91,LINKUSDT,RUNEUSDT,0.02,-3.75,-3.37,2.96,7
251,ALGOUSDT,BTCUSDT,0.02,-3.72,-3.37,0.0,3
421,KDAUSDT,RVNUSDT,0.02,-3.65,-3.37,64.89,34
374,OCEANUSDT,HBARUSDT,0.02,-3.76,-3.37,2.72,31
373,OCEANUSDT,CELRUSDT,0.02,-3.6,-3.37,11.06,7
87,LINKUSDT,DOGEUSDT,0.02,-3.65,-3.37,92.69,35
425,KDAUSDT,BAKEUSDT,0.02,-3.61,-3.37,5.74,5
427,APEUSDT,BNBUSDT,0.02,-3.72,-3.37,0.02,12
368,OCEANUSDT,ICPUSDT,0.02,-3.73,-3.37,0.03,1
270,AUDIOUSDT,BCHUSDT,0.02,-3.71,-3.37,0.0,26
271,GTCUSDT,BTCUSDT,0.02,-3.72,-3.37,0.0,9
433,APEUSDT,RUNEUSDT,0.02,-3.67,-3.37,2.26,11
37,XRPUSDT,VETUSDT,0.02,-3.68,-3.37,14.17,23
439,APEUSDT,KNCUSDT,0.02,-3.68,-3.37,3.66,28
35,XRPUSDT,ETCUSDT,0.02,-3.67,-3.37,0.02,21
337,JSTUSDT,ENSUSDT,0.02,-3.61,-3.37,0.0,11
479,ALPHAUSDT,QTUMUSDT,0.02,-3.72,-3.37,0.04,17
480,ALPHAUSDT,SKLUSDT,0.02,-3.71,-3.37,2.48,35
20,EOSUSDT,SOLUSDT,0.02,-3.69,-3.37,0.03,17
308,WAVESUSDT,UNIUSDT,0.02,-3.76,-3.37,0.99,3
290,KLAYUSDT,XRPUSDT,0.02,-3.7,-3.37,0.72,5
14,ETHUSDT,BSVUSDT,0.02,-3.73,-3.37,20.88,3
13,ETHUSDT,AVAXUSDT,0.02,-3.61,-3.37,62.99,7
313,ZILUSDT,BTCUSDT,0.02,-3.68,-3.37,0.0,9
11,ETHUSDT,VETUSDT,0.02,-3.64,-3.37,49285.73,7
489,ALPHAUSDT,AKROUSDT,0.02,-3.63,-3.37,26.67,32
491,ZRXUSDT,ICPUSDT,0.02,-3.61,-3.37,0.05,3
9,BTCUSDT,TRBUSDT,0.02,-3.72,-3.37,1647.47,5
496,GLMRUSDT,BCHUSDT,0.02,-3.73,-3.37,0.01,36
497,GLMRUSDT,XTZUSDT,0.02,-3.61,-3.37,0.45,17
319,RAYUSDT,QTUMUSDT,0.02,-3.67,-3.37,0.25,11
1,BTCUSDT,BSVUSDT,0.02,-3.7,-3.37,371.43,17
24,EOSUSDT,RENUSDT,0.02,-3.65,-3.37,7.75,9
470,HOTUSDT,RUNEUSDT,0.02,-3.76,-3.37,0.0,5
15,ETHUSDT,ZENUSDT,0.02,-3.66,-3.37,76.05,13
468,HOTUSDT,EGLDUSDT,0.02,-3.76,-3.37,0.0,5
33,XRPUSDT,BCHUSDT,0.02,-3.62,-3.37,0.0,30
31,EOSUSDT,MINAUSDT,0.02,-3.61,-3.37,1.49,18
30,EOSUSDT,CKBUSDT,0.02,-3.68,-3.37,274.05,27
458,HOTUSDT,XTZUSDT,0.02,-3.7,-3.37,0.0,21
26,EOSUSDT,SXPUSDT,0.02,-3.7,-3.37,2.49,1
460,HOTUSDT,SUSHIUSDT,0.02,-3.72,-3.37,0.0,3
293,REEFUSDT,ETHUSDT,0.02,-3.64,-3.37,0.0,9
303,WAVESUSDT,BCHUSDT,0.02,-3.68,-3.37,0.05,27
392,OCEANUSDT,KAVAUSDT,0.02,-3.71,-3.37,0.09,17
465,HOTUSDT,YFIUSDT,0.02,-3.64,-3.37,0.0,3
304,WAVESUSDT,LTCUSDT,0.02,-3.74,-3.37,0.1,13
467,HOTUSDT,DYDXUSDT,0.02,-3.68,-3.37,0.0,1
242,XLMUSDT,BTCUSDT,0.03,-3.57,-3.37,0.0,5
240,DOGEUSDT,BCHUSDT,0.03,-3.52,-3.37,0.0,27
236,DOGEUSDT,BTCUSDT,0.03,-3.58,-3.37,0.0,10
113,UNIUSDT,ONEUSDT,0.03,-3.48,-3.37,289.92,12
727,FLMUSDT,ASTRUSDT,0.03,-3.48,-3.37,2.43,7
111,DOTUSDT,BCHUSDT,0.03,-3.5,-3.37,0.07,33
688,GSTUSDT,BICOUSDT,0.03,-3.52,-3.37,0.22,29
671,GSTUSDT,LPTUSDT,0.03,-3.51,-3.37,0.01,15
110,DOTUSDT,XRPUSDT,0.03,-3.5,-3.37,21.23,19
690,GSTUSDT,1INCHUSDT,0.03,-3.48,-3.37,0.17,11
731,GALUSDT,BITUSDT,0.03,-3.5,-3.37,6.54,19
691,GSTUSDT,KLAYUSDT,0.03,-3.58,-3.37,0.46,25
245,CHZUSDT,XRPUSDT,0.03,-3.58,-3.37,0.3,16
248,CRVUSDT,ETHUSDT,0.03,-3.59,-3.37,0.0,1
312,HNTUSDT,BCHUSDT,0.03,-3.56,-3.37,0.09,21
250,ICPUSDT,XRPUSDT,0.03,-3.59,-3.37,17.6,5
502,GLMRUSDT,ALGOUSDT,0.03,-3.58,-3.37,2.16,30
314,ZILUSDT,ETHUSDT,0.03,-3.5,-3.37,0.0,5
684,GSTUSDT,SCUSDT,0.03,-3.57,-3.37,27.97,15
276,GTCUSDT,DOTUSDT,0.03,-3.53,-3.37,0.37,24
305,WAVESUSDT,XTZUSDT,0.03,-3.56,-3.37,3.52,23
696,GSTUSDT,XMRUSDT,0.03,-3.58,-3.37,0.0,27
257,OMGUSDT,XRPUSDT,0.03,-3.56,-3.37,5.63,30
264,GALAUSDT,DOTUSDT,0.03,-3.55,-3.37,0.01,25
294,IOTAUSDT,XRPUSDT,0.03,-3.49,-3.37,0.84,26
266,FLOWUSDT,BCHUSDT,0.03,-3.52,-3.37,0.01,13
702,GSTUSDT,RVNUSDT,0.03,-3.57,-3.37,4.59,13
737,FITFIUSDT,ADAUSDT,0.03,-3.53,-3.37,0.17,21
296,ICXUSDT,XRPUSDT,0.03,-3.53,-3.37,0.88,10
306,WAVESUSDT,LINKUSDT,0.03,-3.59,-3.37,0.84,29
256,NEARUSDT,UNIUSDT,0.03,-3.49,-3.37,0.65,9
499,GLMRUSDT,CHZUSDT,0.03,-3.53,-3.37,6.78,34
756,FITFIUSDT,YFIUSDT,0.03,-3.48,-3.37,0.0,9
74,XTZUSDT,SFPUSDT,0.03,-3.53,-3.37,4.35,37
71,XTZUSDT,LPTUSDT,0.03,-3.58,-3.37,0.17,14
68,XTZUSDT,ALICEUSDT,0.03,-3.54,-3.37,0.66,15
64,XTZUSDT,KSMUSDT,0.03,-3.51,-3.37,0.03,23
60,LTCUSDT,ACHUSDT,0.03,-3.53,-3.37,4135.99,21
42,XRPUSDT,ALICEUSDT,0.03,-3.5,-3.37,0.14,17
41,XRPUSDT,CELRUSDT,0.03,-3.53,-3.37,21.12,13
40,XRPUSDT,FTMUSDT,0.03,-3.57,-3.37,1.25,29
36,XRPUSDT,XLMUSDT,0.03,-3.48,-3.37,2.97,15
889,BELUSDT,TRXUSDT,0.03,-3.49,-3.37,12.71,11
25,EOSUSDT,RUNEUSDT,0.03,-3.48,-3.37,0.46,7
852,ONTUSDT,AAVEUSDT,0.03,-3.53,-3.37,0.0,7
892,BELUSDT,COMPUSDT,0.03,-3.5,-3.37,0.02,19
895,BELUSDT,MANAUSDT,0.03,-3.51,-3.37,0.97,3
896,BELUSDT,KSMUSDT,0.03,-3.55,-3.37,0.02,9
22,EOSUSDT,AXSUSDT,0.03,-3.57,-3.37,0.07,29
900,BELUSDT,ENJUSDT,0.03,-3.49,-3.37,1.65,1
18,ETHUSDT,MINAUSDT,0.03,-3.5,-3.37,1745.34,27
903,BELUSDT,YFIUSDT,0.03,-3.48,-3.37,0.0,1
16,ETHUSDT,SKLUSDT,0.03,-3.57,-3.37,24307.91,12
909,BELUSDT,NEARUSDT,0.03,-3.54,-3.37,0.25,15
911,BELUSDT,OMGUSDT,0.03,-3.5,-3.37,0.46,29
7,BTCUSDT,STXUSDT,0.03,-3.49,-3.37,51351.27,15
915,BELUSDT,GALAUSDT,0.03,-3.57,-3.37,15.79,23
894,BELUSDT,SANDUSDT,0.03,-3.52,-3.37,0.73,3
851,OPUSDT,BCHUSDT,0.03,-3.51,-3.37,0.01,20
77,XTZUSDT,ICXUSDT,0.03,-3.52,-3.37,5.18,15
79,XTZUSDT,HNTUSDT,0.03,-3.49,-3.37,0.16,15
757,FITFIUSDT,ICPUSDT,0.03,-3.51,-3.37,0.01,1
107,ADAUSDT,BITUSDT,0.03,-3.57,-3.37,1.05,20
103,LINKUSDT,BAKEUSDT,0.03,-3.56,-3.37,23.68,5
775,FITFIUSDT,WOOUSDT,0.03,-3.56,-3.37,0.45,13
779,FITFIUSDT,STORJUSDT,0.03,-3.49,-3.37,0.12,9
100,LINKUSDT,XNOUSDT,0.03,-3.49,-3.37,7.4,1
786,FITFIUSDT,YGGUSDT,0.03,-3.55,-3.37,0.12,12
795,FITFIUSDT,CTKUSDT,0.03,-3.48,-3.37,0.1,5
797,FITFIUSDT,1INCHUSDT,0.03,-3.49,-3.37,0.13,12
807,FITFIUSDT,CREAMUSDT,0.03,-3.51,-3.37,0.0,13
810,FITFIUSDT,10000NFTUSDT,0.03,-3.56,-3.37,12.41,7
817,CTCUSDT,FTTUSDT,0.03,-3.51,-3.37,0.01,21
99,LINKUSDT,HNTUSDT,0.03,-3.57,-3.37,0.68,16
819,CTCUSDT,CELRUSDT,0.03,-3.49,-3.37,24.19,11
90,LINKUSDT,ALICEUSDT,0.03,-3.49,-3.37,2.76,20
828,CTCUSDT,YGGUSDT,0.03,-3.59,-3.37,0.55,20
89,LINKUSDT,YFIUSDT,0.03,-3.49,-3.37,0.0,7
668,GSTUSDT,SNXUSDT,0.03,-3.54,-3.37,0.04,21
833,CTCUSDT,WAVESUSDT,0.03,-3.54,-3.37,0.07,31
88,LINKUSDT,AVAXUSDT,0.03,-3.51,-3.37,0.35,1
838,CTCUSDT,NEOUSDT,0.03,-3.48,-3.37,0.04,19
86,LINKUSDT,ETHUSDT,0.03,-3.51,-3.37,0.01,9
82,XTZUSDT,ASTRUSDT,0.03,-3.49,-3.37,34.31,25
842,CTCUSDT,DGBUSDT,0.03,-3.52,-3.37,38.73,21
845,UNFIUSDT,DODOUSDT,0.03,-3.52,-3.37,46.22,21
739,FITFIUSDT,XEMUSDT,0.03,-3.57,-3.37,1.95,9
830,CTCUSDT,ZENUSDT,0.03,-3.57,-3.37,0.02,5
711,GSTUSDT,HNTUSDT,0.03,-3.52,-3.37,0.01,31
665,GSTUSDT,CHRUSDT,0.03,-3.52,-3.37,0.59,19
565,BOBAUSDT,C98USDT,0.03,-3.53,-3.37,0.76,20
566,BOBAUSDT,RENUSDT,0.03,-3.52,-3.37,2.97,16
429,APEUSDT,MANAUSDT,0.03,-3.53,-3.37,5.47,17
583,BALUSDT,SKLUSDT,0.03,-3.49,-3.37,103.31,22
585,BALUSDT,HNTUSDT,0.03,-3.51,-3.37,0.52,5
420,KDAUSDT,SKLUSDT,0.03,-3.56,-3.37,32.69,27
418,KDAUSDT,CHRUSDT,0.03,-3.55,-3.37,8.34,27
413,KDAUSDT,ETCUSDT,0.03,-3.58,-3.37,0.1,28
564,BOBAUSDT,NEARUSDT,0.03,-3.55,-3.37,0.11,20
597,TOMOUSDT,STXUSDT,0.03,-3.5,-3.37,1.22,7
406,PAXGUSDT,CRVUSDT,0.03,-3.51,-3.37,1971.97,1
405,API3USDT,10000NFTUSDT,0.03,-3.55,-3.37,305.83,22
398,API3USDT,EGLDUSDT,0.03,-3.49,-3.37,0.04,18
397,API3USDT,ENJUSDT,0.03,-3.58,-3.37,3.86,18
608,GSTUSDT,DOTUSDT,0.03,-3.59,-3.37,0.02,21
395,OCEANUSDT,QNTUSDT,0.03,-3.56,-3.37,0.0,11
391,OCEANUSDT,RVNUSDT,0.03,-3.57,-3.37,7.27,18
388,OCEANUSDT,DUSKUSDT,0.03,-3.49,-3.37,1.47,23
410,KDAUSDT,BTCUSDT,0.03,-3.5,-3.37,0.0,11
557,LINAUSDT,DODOUSDT,0.03,-3.51,-3.37,0.07,28
441,APEUSDT,XNOUSDT,0.03,-3.53,-3.37,5.64,30
442,APEUSDT,PAXGUSDT,0.03,-3.49,-3.37,0.0,3
498,GLMRUSDT,XLMUSDT,0.03,-3.47,-3.37,6.12,22
509,GLMRUSDT,SNXUSDT,0.03,-3.54,-3.37,0.26,16
510,GLMRUSDT,SXPUSDT,0.03,-3.51,-3.37,1.73,22
513,GLMRUSDT,CVCUSDT,0.03,-3.5,-3.37,4.73,22
487,ALPHAUSDT,MTLUSDT,0.03,-3.53,-3.37,0.09,31
486,ALPHAUSDT,BOBAUSDT,0.03,-3.56,-3.37,0.31,14
484,ALPHAUSDT,CTSIUSDT,0.03,-3.58,-3.37,0.77,17
483,ALPHAUSDT,RAYUSDT,0.03,-3.54,-3.37,0.16,11
520,GLMRUSDT,XMRUSDT,0.03,-3.57,-3.37,0.01,12
521,GLMRUSDT,ICXUSDT,0.03,-3.57,-3.37,2.33,34
482,ALPHAUSDT,CREAMUSDT,0.03,-3.57,-3.37,0.01,38
476,ALPHAUSDT,ALGOUSDT,0.03,-3.48,-3.37,0.37,7
472,ALPHAUSDT,AAVEUSDT,0.03,-3.49,-3.37,0.0,3
463,HOTUSDT,CHZUSDT,0.03,-3.49,-3.37,0.02,31
532,GLMRUSDT,SCRTUSDT,0.03,-3.49,-3.37,0.7,19
462,HOTUSDT,KSMUSDT,0.03,-3.59,-3.37,0.0,7
918,BELUSDT,C98USDT,0.03,-3.5,-3.37,1.73,5
457,HOTUSDT,EOSUSDT,0.03,-3.54,-3.37,0.0,5
545,LINAUSDT,CELRUSDT,0.03,-3.48,-3.37,0.55,18
380,OCEANUSDT,ANKRUSDT,0.03,-3.52,-3.37,6.08,25
624,GSTUSDT,AXSUSDT,0.03,-3.54,-3.37,0.01,21
919,USDCUSDT,BNXUSDT,0.03,-3.53,-3.37,0.01,15
346,BANDUSDT,SHIB1000USDT,0.03,-3.53,-3.37,128.35,28
640,GSTUSDT,NEARUSDT,0.03,-3.59,-3.37,0.03,13
345,BANDUSDT,GRTUSDT,0.03,-3.55,-3.37,13.88,45
630,GSTUSDT,CRVUSDT,0.03,-3.59,-3.37,0.12,3
638,GSTUSDT,ALGOUSDT,0.03,-3.56,-3.37,0.35,29
344,BANDUSDT,AAVEUSDT,0.03,-3.57,-3.37,0.02,5
637,GSTUSDT,FTMUSDT,0.03,-3.59,-3.37,0.41,25
654,GSTUSDT,COTIUSDT,0.03,-3.48,-3.37,1.16,23
370,OCEANUSDT,OMGUSDT,0.03,-3.58,-3.37,0.09,28
336,JSTUSDT,RUNEUSDT,0.03,-3.56,-3.37,0.01,11
372,OCEANUSDT,FTTUSDT,0.03,-3.47,-3.37,0.01,9
362,OCEANUSDT,DOTUSDT,0.03,-3.52,-3.37,0.02,48
655,GSTUSDT,ALICEUSDT,0.03,-3.57,-3.37,0.05,15
329,SUNUSDT,PEOPLEUSDT,0.03,-3.58,-3.37,0.25,29
366,OCEANUSDT,GRTUSDT,0.03,-3.55,-3.37,1.76,11
378,OCEANUSDT,IOTXUSDT,0.03,-3.56,-3.37,6.35,1
371,OCEANUSDT,DASHUSDT,0.03,-3.49,-3.37,0.0,11
377,OCEANUSDT,RENUSDT,0.03,-3.57,-3.37,1.36,15
437,APEUSDT,XMRUSDT,0.04,-3.46,-3.37,0.04,32
428,APEUSDT,SANDUSDT,0.04,-3.43,-3.37,4.12,8
844,CTCUSDT,FXSUSDT,0.04,-3.41,-3.37,0.07,13
573,BALUSDT,SUSHIUSDT,0.04,-3.38,-3.37,4.46,9
434,APEUSDT,LRCUSDT,0.04,-3.41,-3.37,12.09,13
858,ONTUSDT,SCUSDT,0.04,-3.46,-3.37,62.18,39
436,APEUSDT,IMXUSDT,0.04,-3.42,-3.37,5.05,29
361,OCEANUSDT,XRPUSDT,0.04,-3.42,-3.37,0.52,19
567,BOBAUSDT,QTUMUSDT,0.04,-3.43,-3.37,0.13,14
278,RNDRUSDT,EOSUSDT,0.04,-3.42,-3.37,0.53,13
562,BOBAUSDT,FILUSDT,0.04,-3.47,-3.37,0.07,18
576,BALUSDT,MANAUSDT,0.04,-3.42,-3.37,5.5,21
70,XTZUSDT,CHRUSDT,0.04,-3.4,-3.37,8.17,21
560,BOBAUSDT,UNIUSDT,0.04,-3.46,-3.37,0.07,19
579,BALUSDT,ALGOUSDT,0.04,-3.44,-3.37,15.48,3
713,FLMUSDT,BCHUSDT,0.04,-3.42,-3.37,0.0,13
424,KDAUSDT,CKBUSDT,0.04,-3.39,-3.37,430.89,41
416,KDAUSDT,RENUSDT,0.04,-3.46,-3.37,12.18,15
417,KDAUSDT,IOTXUSDT,0.04,-3.45,-3.37,56.77,3
820,CTCUSDT,ALICEUSDT,0.04,-3.44,-3.37,0.16,21
96,LINKUSDT,REEFUSDT,0.04,-3.39,-3.37,1843.55,25
822,CTCUSDT,ILVUSDT,0.04,-3.46,-3.37,0.0,27
95,LINKUSDT,RNDRUSDT,0.04,-3.46,-3.37,12.29,30
94,LINKUSDT,ZENUSDT,0.04,-3.4,-3.37,0.42,5
365,OCEANUSDT,ETCUSDT,0.04,-3.39,-3.37,0.01,24
826,CTCUSDT,SLPUSDT,0.04,-3.43,-3.37,96.14,15
419,KDAUSDT,ANKRUSDT,0.04,-3.47,-3.37,54.23,33
272,GTCUSDT,ETHUSDT,0.04,-3.42,-3.37,0.0,11
584,BALUSDT,CELOUSDT,0.04,-3.42,-3.37,5.35,36
831,CTCUSDT,SKLUSDT,0.04,-3.45,-3.37,8.01,19
832,CTCUSDT,1INCHUSDT,0.04,-3.45,-3.37,0.58,16
582,BALUSDT,LRCUSDT,0.04,-3.41,-3.37,12.16,21
559,FXSUSDT,IMXUSDT,0.04,-3.45,-3.37,5.3,25
835,CTCUSDT,CREAMUSDT,0.04,-3.42,-3.37,0.02,25
836,CTCUSDT,JASMYUSDT,0.04,-3.4,-3.37,36.97,7
423,KDAUSDT,ZILUSDT,0.04,-3.42,-3.37,38.75,24
839,CTCUSDT,XNOUSDT,0.04,-3.46,-3.37,0.44,19
860,ONTUSDT,QNTUSDT,0.04,-3.45,-3.37,0.0,19
360,RSS3USDT,CREAMUSDT,0.04,-3.41,-3.37,0.01,26
558,LINAUSDT,TRBUSDT,0.04,-3.47,-3.37,0.0,1
538,SCRTUSDT,BCHUSDT,0.04,-3.41,-3.37,0.01,34
535,SCRTUSDT,BTCUSDT,0.04,-3.43,-3.37,0.0,10
893,BELUSDT,AXSUSDT,0.04,-3.46,-3.37,0.06,11
533,GLMRUSDT,BAKEUSDT,0.04,-3.46,-3.37,2.53,3
342,JSTUSDT,DARUSDT,0.04,-3.39,-3.37,0.1,25
340,JSTUSDT,JASMYUSDT,0.04,-3.4,-3.37,2.85,11
298,CELOUSDT,ETHUSDT,0.04,-3.47,-3.37,0.0,19
901,BELUSDT,GRTUSDT,0.04,-3.43,-3.37,8.77,5
335,JSTUSDT,DYDXUSDT,0.04,-3.45,-3.37,0.02,7
518,GLMRUSDT,DUSKUSDT,0.04,-3.44,-3.37,5.78,16
517,GLMRUSDT,KLAYUSDT,0.04,-3.38,-3.37,2.87,30
333,JSTUSDT,GRTUSDT,0.04,-3.41,-3.37,0.3,39
12,ETHUSDT,KSMUSDT,0.04,-3.47,-3.37,22.5,9
326,RAYUSDT,BOBAUSDT,0.04,-3.4,-3.37,1.89,22
325,RAYUSDT,DGBUSDT,0.04,-3.46,-3.37,72.75,11
506,GLMRUSDT,RENUSDT,0.04,-3.43,-3.37,5.37,9
6,BTCUSDT,SKLUSDT,0.04,-3.44,-3.37,432374.79,32
323,RAYUSDT,BANDUSDT,0.04,-3.38,-3.37,0.52,17
504,GLMRUSDT,GALAUSDT,0.04,-3.39,-3.37,12.5,27
686,GSTUSDT,STXUSDT,0.04,-3.45,-3.37,0.27,19
861,ONTUSDT,NEOUSDT,0.04,-3.44,-3.37,0.03,10
456,HOTUSDT,ETHUSDT,0.04,-3.39,-3.37,0.0,7
455,CTSIUSDT,XRPUSDT,0.04,-3.44,-3.37,0.46,18
863,ONTUSDT,ARPAUSDT,0.04,-3.43,-3.37,6.29,17
63,XTZUSDT,DOTUSDT,0.04,-3.42,-3.37,0.22,21
865,ONTUSDT,BAKEUSDT,0.04,-3.43,-3.37,0.9,3
440,APEUSDT,JASMYUSDT,0.04,-3.41,-3.37,474.81,5
356,BANDUSDT,CREAMUSDT,0.04,-3.45,-3.37,0.07,23
56,BCHUSDT,BTCUSDT,0.04,-3.38,-3.37,0.01,16
54,XRPUSDT,AKROUSDT,0.04,-3.4,-3.37,75.26,25
51,XRPUSDT,ASTRUSDT,0.04,-3.46,-3.37,7.49,17
49,XRPUSDT,1000BTTUSDT,0.04,-3.41,-3.37,379.87,17
47,XRPUSDT,JASMYUSDT,0.04,-3.46,-3.37,32.29,17
875,BELUSDT,LINKUSDT,0.04,-3.44,-3.37,0.14,17
443,APEUSDT,FXSUSDT,0.04,-3.39,-3.37,0.95,35
445,APEUSDT,BALUSDT,0.04,-3.44,-3.37,0.99,26
548,LINAUSDT,QTUMUSDT,0.04,-3.44,-3.37,0.0,3
879,BELUSDT,XEMUSDT,0.04,-3.42,-3.37,20.51,22
453,BSWUSDT,YFIUSDT,0.04,-3.44,-3.37,0.0,13
289,BICOUSDT,XRPUSDT,0.04,-3.41,-3.37,1.52,26
454,BSWUSDT,XMRUSDT,0.04,-3.4,-3.37,0.0,15
543,LINAUSDT,VETUSDT,0.04,-3.41,-3.37,0.37,5
32,EOSUSDT,DODOUSDT,0.04,-3.39,-3.37,7.63,18
815,CTCUSDT,AVAXUSDT,0.04,-3.44,-3.37,0.02,3
793,FITFIUSDT,SCUSDT,0.04,-3.45,-3.37,20.93,17
762,FITFIUSDT,DASHUSDT,0.04,-3.42,-3.37,0.0,7
750,FITFIUSDT,SANDUSDT,0.04,-3.46,-3.37,0.07,5
751,FITFIUSDT,KSMUSDT,0.04,-3.4,-3.37,0.0,9
752,FITFIUSDT,AVAXUSDT,0.04,-3.44,-3.37,0.0,3
753,FITFIUSDT,CRVUSDT,0.04,-3.45,-3.37,0.09,1
754,FITFIUSDT,ENJUSDT,0.04,-3.44,-3.37,0.16,3
755,FITFIUSDT,SHIB1000USDT,0.04,-3.43,-3.37,7.7,11
262,GALAUSDT,XTZUSDT,0.04,-3.44,-3.37,0.04,23
758,FITFIUSDT,DYDXUSDT,0.04,-3.47,-3.37,0.05,1
382,OCEANUSDT,QTUMUSDT,0.04,-3.38,-3.37,0.06,27
759,FITFIUSDT,NEARUSDT,0.04,-3.38,-3.37,0.02,7
761,FITFIUSDT,IOSTUSDT,0.04,-3.39,-3.37,5.92,13
241,SOLUSDT,ETHUSDT,0.04,-3.38,-3.37,0.03,25
763,FITFIUSDT,FTTUSDT,0.04,-3.41,-3.37,0.0,3
765,FITFIUSDT,CELRUSDT,0.04,-3.42,-3.37,5.22,9
766,FITFIUSDT,ONEUSDT,0.04,-3.4,-3.37,4.41,7
767,FITFIUSDT,C98USDT,0.04,-3.41,-3.37,0.16,5
381,OCEANUSDT,LPTUSDT,0.04,-3.41,-3.37,0.02,16
769,FITFIUSDT,MKRUSDT,0.04,-3.4,-3.37,0.0,1
265,RENUSDT,BTCUSDT,0.04,-3.45,-3.37,0.0,13
383,OCEANUSDT,AUDIOUSDT,0.04,-3.44,-3.37,0.5,19
748,FITFIUSDT,VETUSDT,0.04,-3.39,-3.37,3.51,7
746,FITFIUSDT,SOLUSDT,0.04,-3.41,-3.37,0.0,3
114,UNIUSDT,ANKRUSDT,0.04,-3.46,-3.37,187.85,7
385,OCEANUSDT,SCUSDT,0.04,-3.42,-3.37,44.33,23
376,OCEANUSDT,C98USDT,0.04,-3.44,-3.37,0.35,9
619,GSTUSDT,XLMUSDT,0.04,-3.4,-3.37,0.98,19
389,OCEANUSDT,REEFUSDT,0.04,-3.4,-3.37,50.09,14
732,FITFIUSDT,BTCUSDT,0.04,-3.42,-3.37,0.0,9
733,FITFIUSDT,ETHUSDT,0.04,-3.42,-3.37,0.0,7
734,FITFIUSDT,EOSUSDT,0.04,-3.42,-3.37,0.08,3
747,FITFIUSDT,TRXUSDT,0.04,-3.42,-3.37,1.21,13
735,FITFIUSDT,XRPUSDT,0.04,-3.43,-3.37,0.25,3
738,FITFIUSDT,UNIUSDT,0.04,-3.46,-3.37,0.02,7
393,OCEANUSDT,ROSEUSDT,0.04,-3.4,-3.37,3.4,19
740,FITFIUSDT,SUSHIUSDT,0.04,-3.45,-3.37,0.07,1
741,FITFIUSDT,AAVEUSDT,0.04,-3.44,-3.37,0.0,5
742,FITFIUSDT,MATICUSDT,0.04,-3.47,-3.37,0.16,3
238,DOGEUSDT,EOSUSDT,0.04,-3.4,-3.37,0.07,5
744,FITFIUSDT,BNBUSDT,0.04,-3.42,-3.37,0.0,3
721,FLMUSDT,IOTAUSDT,0.04,-3.43,-3.37,0.39,9
736,FITFIUSDT,XTZUSDT,0.04,-3.44,-3.37,0.05,7
771,FITFIUSDT,RENUSDT,0.04,-3.45,-3.37,0.64,5
770,FITFIUSDT,EGLDUSDT,0.04,-3.4,-3.37,0.0,1
773,FITFIUSDT,RUNEUSDT,0.04,-3.44,-3.37,0.04,1
794,FITFIUSDT,MASKUSDT,0.04,-3.45,-3.37,0.05,12
269,SFPUSDT,EOSUSDT,0.04,-3.4,-3.37,0.35,7
796,FITFIUSDT,REQUSDT,0.04,-3.44,-3.37,0.7,12
412,KDAUSDT,DOGEUSDT,0.04,-3.47,-3.37,22.48,6
798,FITFIUSDT,ANTUSDT,0.04,-3.43,-3.37,0.05,1
799,FITFIUSDT,DUSKUSDT,0.04,-3.42,-3.37,0.69,9
800,FITFIUSDT,REEFUSDT,0.04,-3.42,-3.37,23.65,7
801,FITFIUSDT,XMRUSDT,0.04,-3.44,-3.37,0.0,5
802,FITFIUSDT,CELOUSDT,0.04,-3.42,-3.37,0.09,9
803,FITFIUSDT,RVNUSDT,0.04,-3.41,-3.37,3.43,15
804,FITFIUSDT,KNCUSDT,0.04,-3.45,-3.37,0.06,1
805,FITFIUSDT,KAVAUSDT,0.04,-3.46,-3.37,0.04,19
806,FITFIUSDT,DENTUSDT,0.04,-3.39,-3.37,91.23,9
595,TOMOUSDT,BSVUSDT,0.04,-3.4,-3.37,0.01,1
808,FITFIUSDT,LOOKSUSDT,0.04,-3.43,-3.37,0.25,2
809,FITFIUSDT,JASMYUSDT,0.04,-3.43,-3.37,7.98,5
594,TOMOUSDT,CRVUSDT,0.04,-3.46,-3.37,0.54,3
811,FITFIUSDT,QNTUSDT,0.04,-3.46,-3.37,0.0,3
249,GRTUSDT,UNIUSDT,0.04,-3.4,-3.37,0.02,11
320,RAYUSDT,SKLUSDT,0.04,-3.39,-3.37,15.03,15
247,CHZUSDT,DOTUSDT,0.04,-3.45,-3.37,0.01,16
792,FITFIUSDT,CVCUSDT,0.04,-3.4,-3.37,0.57,19
791,FITFIUSDT,LITUSDT,0.04,-3.46,-3.37,0.09,1
774,FITFIUSDT,FLOWUSDT,0.04,-3.4,-3.37,0.05,21
267,CHRUSDT,XRPUSDT,0.04,-3.43,-3.37,0.56,18
776,FITFIUSDT,ENSUSDT,0.04,-3.46,-3.37,0.01,7
777,FITFIUSDT,IOTXUSDT,0.04,-3.47,-3.37,3.0,3
778,FITFIUSDT,BATUSDT,0.04,-3.46,-3.37,0.19,7
407,PAXGUSDT,MKRUSDT,0.04,-3.38,-3.37,1.89,7
781,FITFIUSDT,SLPUSDT,0.04,-3.42,-3.37,20.75,1
782,FITFIUSDT,ANKRUSDT,0.04,-3.42,-3.37,2.87,13
623,GSTUSDT,COMPUSDT,0.04,-3.45,-3.37,0.0,23
784,FITFIUSDT,QTUMUSDT,0.04,-3.39,-3.37,0.03,11
785,FITFIUSDT,CROUSDT,0.04,-3.39,-3.37,0.69,5
268,SFPUSDT,ETHUSDT,0.04,-3.43,-3.37,0.0,5
787,FITFIUSDT,ZECUSDT,0.04,-3.4,-3.37,0.0,9
788,FITFIUSDT,IMXUSDT,0.04,-3.41,-3.37,0.08,1
789,FITFIUSDT,ZENUSDT,0.04,-3.44,-3.37,0.01,1
790,FITFIUSDT,GTCUSDT,0.04,-3.42,-3.37,0.03,24
783,FITFIUSDT,LPTUSDT,0.04,-3.45,-3.37,0.01,12
725,FLMUSDT,ALPHAUSDT,0.04,-3.41,-3.37,0.91,19
328,SUNUSDT,ARUSDT,0.05,-3.37,-3.37,0.0,23
317,NEOUSDT,BCHUSDT,0.05,-3.37,-3.37,0.08,12
3,BTCUSDT,LPTUSDT,0.05,-3.37,-3.37,2354.36,26
813,CTCUSDT,DOTUSDT,0.05,-3.37,-3.37,0.05,41
109,ADAUSDT,STMXUSDT,0.05,-3.37,-3.37,64.05,28
743,FITFIUSDT,ETCUSDT,0.05,-3.38,-3.37,0.01,13
745,FITFIUSDT,FILUSDT,0.05,-3.37,-3.37,0.01,13
546,LINAUSDT,C98USDT,0.05,-3.37,-3.37,0.02,17
749,FITFIUSDT,COMPUSDT,0.05,-3.37,-3.37,0.0,27
358,RSS3USDT,HBARUSDT,0.05,-3.37,-3.37,2.31,24
814,CTCUSDT,MATICUSDT,0.05,-3.37,-3.37,0.72,15
604,GSTUSDT,LTCUSDT,0.05,-3.37,-3.37,0.0,17
101,LINKUSDT,1000BTTUSDT,0.05,-3.37,-3.37,7323.37,25
848,LUNA2USDT,ETHUSDT,0.05,-3.37,-3.37,0.0,7
81,XTZUSDT,BAKEUSDT,0.05,-3.38,-3.37,5.63,9
812,CTCUSDT,BTCUSDT,0.05,-3.37,-3.37,0.0,15
384,OCEANUSDT,SKLUSDT,0.05,-3.38,-3.37,3.66,13
816,CTCUSDT,ALGOUSDT,0.05,-3.37,-3.37,1.2,33
